<?xml version="1.0" encoding="utf-8"?>
<?xml-stylesheet type='text/xsl' href='../NewReportTemplate2.xsl'?>
<ReportRoot>
	<Summary>
		<TestName>04012_Velocity_I1I2_Order_BTO_Eiffel_LH_AP_AR_IC</TestName>
		<OverallStatus>Pass</OverallStatus>
		<CompanyCode></CompanyCode>
		<Asset></Asset>
		<BoxNameList> D7B</BoxNameList>
		<TotalSteps>7</TotalSteps>
		<Runtime>1</Runtime>
		<RunMode>Debug</RunMode>
		<TestMachine>WANGMEN2</TestMachine>
		<SAPVersion>SAPGUI 730</SAPVersion>
		<TimeZone>UCT+8</TimeZone>
		<TestStartTime>2015/4/29 14:59:27</TestStartTime>
		<TestEndTime>4/29/2015 3:07:03 PM</TestEndTime>
		<Duration>0:07:36</Duration>
		<Executor>wangmen</Executor>
		<FrameworkLogs>
		</FrameworkLogs>
	</Summary>
	<Detail>
		<TestStep Name="VA01_CreateSalesOrder"><CaseName>VA01_CreateSalesOrder</CaseName><Number>1</Number><BoxName>D7B</BoxName><ErrorLog></ErrorLog><SAPMessage></SAPMessage><CaseStatus>Pass</CaseStatus><ErrorSnapshot></ErrorSnapshot><InputDatas><InputData><FieldName>VA01_Initial_OrderType</FieldName><FieldValue>OR</FieldValue></InputData><InputData><FieldName>SalesOrganization</FieldName><FieldValue>US08</FieldValue></InputData><InputData><FieldName>DistributionChannel</FieldName><FieldValue>WS</FieldValue></InputData><InputData><FieldName>Division</FieldName><FieldValue>00</FieldValue></InputData><InputData><FieldName>SalesOffice</FieldName><FieldValue>CI</FieldValue></InputData><InputData><FieldName>SoldToParty</FieldName><FieldValue>10001112</FieldValue></InputData><InputData><FieldName>ShipToParty</FieldName><FieldValue>140041272</FieldValue></InputData><InputData><FieldName>VA01_PONo</FieldName><FieldValue>201504040403</FieldValue></InputData><InputData><FieldName>VA01_PODate</FieldName><FieldValue>04/04/2015</FieldValue></InputData><InputData><FieldName>VA01_QuantityColumn</FieldName><FieldValue>Order Quantity</FieldValue></InputData><InputData><FieldName>VA01_PlantColumn</FieldName><FieldValue>Plnt</FieldValue></InputData><InputData><FieldName>VA01_ShippingPointColumn</FieldName><FieldValue>Ship./Receiving Pnt</FieldValue></InputData><InputData><FieldName>Material</FieldName><FieldValue>DY302AV#ABA</FieldValue></InputData><InputData><FieldName>Quantity</FieldName><FieldValue>1</FieldValue></InputData><InputData><FieldName>Plant</FieldName><FieldValue>D742</FieldValue></InputData><InputData><FieldName>ShippingPoint</FieldName><FieldValue>0073</FieldValue></InputData></InputDatas><OutputDatas/><ItemList/><CheckPoints/><TestLog/></TestStep><TestStep Name="SD_EditInCompleteLog"><CaseName>SD_EditInCompleteLog</CaseName><Number>2</Number><BoxName>D7B</BoxName><ErrorLog></ErrorLog><SAPMessage></SAPMessage><CaseStatus>Pass</CaseStatus><ErrorSnapshot></ErrorSnapshot><InputDatas/><OutputDatas/><ItemList/><CheckPoints/><TestLog/></TestStep><TestStep Name="VA01_CreateSalesOrder"><CaseName>VA01_CreateSalesOrder</CaseName><Number>3</Number><BoxName>D7B</BoxName><ErrorLog></ErrorLog><SAPMessage></SAPMessage><CaseStatus>Pass</CaseStatus><ErrorSnapshot></ErrorSnapshot><InputDatas/><OutputDatas><OutputData><FieldName>SalesDocNo</FieldName><FieldValue>143534775</FieldValue></OutputData></OutputDatas><ItemList/><CheckPoints><CheckPoint><CPSN>1</CPSN><CPName>VA01_SalesDocument</CPName><CPTime>4:19:17 AM</CPTime><CPExpected>Standard Order .* has been saved</CPExpected><CPActual>Standard Order 143534775 has been saved</CPActual><CPStatus>Pass</CPStatus><CPSnapshot>snapshot/NO1_VA01_SalesDocument.jpg</CPSnapshot></CheckPoint></CheckPoints><TestLog/></TestStep><TestStep Name="VA02_ChangeSalesOrder"><CaseName>VA02_ChangeSalesOrder</CaseName><Number>4</Number><BoxName>D7B</BoxName><ErrorLog></ErrorLog><SAPMessage></SAPMessage><CaseStatus>Pass</CaseStatus><ErrorSnapshot></ErrorSnapshot><InputDatas><InputData><FieldName>SalesDocNo</FieldName><FieldValue>143534775</FieldValue></InputData></InputDatas><OutputDatas/><ItemList/><CheckPoints><CheckPoint><CPSN>2</CPSN><CPName>VA02_RomoveDeilveryBlock</CPName><CPTime>4:20:41 AM</CPTime><CPExpected>Remove Delivery Block Success</CPExpected><CPActual>Remove Delivery Block Success</CPActual><CPStatus>Pass</CPStatus><CPSnapshot>snapshot/NO2_VA02_RomoveDeilveryBlock.jpg</CPSnapshot></CheckPoint><CheckPoint><CPSN>3</CPSN><CPName>VA02_SalesDocument</CPName><CPTime>4:20:49 AM</CPTime><CPExpected>Standard Order .* has been saved</CPExpected><CPActual>Standard Order 143534775 has been saved</CPActual><CPStatus>Pass</CPStatus><CPSnapshot>snapshot/NO3_VA02_SalesDocument.jpg</CPSnapshot></CheckPoint></CheckPoints><TestLog/></TestStep><TestStep Name="VKM3_ReleaseOrder"><CaseName>VKM3_ReleaseOrder</CaseName><Number>5</Number><BoxName>D7B</BoxName><ErrorLog></ErrorLog><SAPMessage></SAPMessage><CaseStatus>Pass</CaseStatus><ErrorSnapshot></ErrorSnapshot><InputDatas><InputData><FieldName>SalesDocNo</FieldName><FieldValue>143534775</FieldValue></InputData></InputDatas><OutputDatas/><ItemList/><CheckPoints><CheckPoint><CPSN>4</CPSN><CPName>VKM3_ReleaseOrder</CPName><CPTime>4:21:06 AM</CPTime><CPExpected>Document .* has been released</CPExpected><CPActual>Document 143534775 has been released</CPActual><CPStatus>Pass</CPStatus><CPSnapshot>snapshot/NO4_VKM3_ReleaseOrder.jpg</CPSnapshot></CheckPoint></CheckPoints><TestLog/></TestStep><TestStep Name="VA03_DisplaySalesOrder"><CaseName>VA03_DisplaySalesOrder</CaseName><Number>6</Number><BoxName>D7B</BoxName><ErrorLog></ErrorLog><SAPMessage></SAPMessage><CaseStatus>Pass</CaseStatus><ErrorSnapshot></ErrorSnapshot><InputDatas><InputData><FieldName>SalesDocNo</FieldName><FieldValue>143534775</FieldValue></InputData></InputDatas><OutputDatas><OutputData><FieldName>SalesDocItem</FieldName><FieldValue>10</FieldValue></OutputData><OutputData><FieldName>DeliveryDate</FieldName><FieldValue>04/21/2015</FieldValue></OutputData><OutputData><FieldName>Plant</FieldName><FieldValue>D742</FieldValue></OutputData><OutputData><FieldName>ShippingPoint</FieldName><FieldValue>0073</FieldValue></OutputData><OutputData><FieldName>PurchaseRequisition</FieldName><FieldValue>50666771</FieldValue></OutputData><OutputData><FieldName>RequisnItem</FieldName><FieldValue>10</FieldValue></OutputData></OutputDatas><ItemList/><CheckPoints><CheckPoint><CPSN>5</CPSN><CPName>VA03_ConfirmedQty</CPName><CPTime>4:22:06 AM</CPTime><CPExpected>Confirmed quantity is input quantity</CPExpected><CPActual>Confirmed quantity is input quantity</CPActual><CPStatus>Pass</CPStatus><CPSnapshot>snapshot/NO5_VA03_ConfirmedQty.jpg</CPSnapshot></CheckPoint></CheckPoints><TestLog/></TestStep><TestStep Name="VL31N_CreateInboundDelivery"><CaseName>VL31N_CreateInboundDelivery</CaseName><Number>1</Number><BoxName>D7B</BoxName><ErrorLog></ErrorLog><SAPMessage></SAPMessage><CaseStatus>Pass</CaseStatus><ErrorSnapshot></ErrorSnapshot><InputDatas><InputData><FieldName>Vendor</FieldName><FieldValue>20124820</FieldValue></InputData><InputData><FieldName>PONo</FieldName><FieldValue>4510526024</FieldValue></InputData><InputData><FieldName>VL31N_Overview_Shipment_TransptnPlanng</FieldName><FieldValue>04/29/2015</FieldValue></InputData><InputData><FieldName>VL31N_Header_Texts</FieldName><FieldValue>Testing</FieldValue></InputData></InputDatas><OutputDatas><OutputData><FieldName>InboundDeliveryNo</FieldName><FieldValue>178334422</FieldValue></OutputData></OutputDatas><ItemList/><CheckPoints><CheckPoint><CPSN>1</CPSN><CPName>VL31N_InboundDelivery</CPName><CPTime>15:00:44</CPTime><CPExpected>Shipping Notificat. .* has been saved</CPExpected><CPActual>Shipping Notificat. 178334422 has been saved</CPActual><CPStatus>Pass</CPStatus><CPSnapshot>snapshot/NO1_VL31N_InboundDelivery.jpg</CPSnapshot></CheckPoint></CheckPoints><TestLog/></TestStep><TestStep Name="VL32N_ChangeInboundDelivery"><CaseName>VL32N_ChangeInboundDelivery</CaseName><Number>2</Number><BoxName>D7B</BoxName><ErrorLog></ErrorLog><SAPMessage></SAPMessage><CaseStatus>Pass</CaseStatus><ErrorSnapshot></ErrorSnapshot><InputDatas><InputData><FieldName>InboundDeliveryNo</FieldName><FieldValue>178334422</FieldValue></InputData><InputData><FieldName>VL32N_NodePath</FieldName><FieldValue>Delivery/shipping notification .*;.*oods receipt .*</FieldValue></InputData></InputDatas><OutputDatas><OutputData><FieldName>MaterialDocNo</FieldName><FieldValue>5028914487</FieldValue></OutputData></OutputDatas><ItemList/><CheckPoints><CheckPoint><CPSN>2</CPSN><CPName>VL32N_ChangeInboundDelivery</CPName><CPTime>15:01:00</CPTime><CPExpected>Shipping Notificat. .* has been saved</CPExpected><CPActual>Shipping Notificat. 178334422 has been saved</CPActual><CPStatus>Pass</CPStatus><CPSnapshot>snapshot/NO2_VL32N_ChangeInboundDelivery.jpg</CPSnapshot></CheckPoint><CheckPoint><CPSN>3</CPSN><CPName>VL32N_GRMaterialDocNo</CPName><CPTime>15:01:15</CPTime><CPExpected>GR Material Doc is generated</CPExpected><CPActual>GR Material Doc is generated</CPActual><CPStatus>Pass</CPStatus><CPSnapshot>snapshot/NO3_VL32N_GRMaterialDocNo.jpg</CPSnapshot></CheckPoint></CheckPoints><TestLog/></TestStep><TestStep Name="MB03_DisplayMaterialDocument"><CaseName>MB03_DisplayMaterialDocument</CaseName><Number>3</Number><BoxName>D7B</BoxName><ErrorLog></ErrorLog><SAPMessage></SAPMessage><CaseStatus>Pass</CaseStatus><ErrorSnapshot></ErrorSnapshot><InputDatas><InputData><FieldName>FiscalYear</FieldName><FieldValue>2015</FieldValue></InputData><InputData><FieldName>MaterialDocNo</FieldName><FieldValue>5028914487</FieldValue></InputData></InputDatas><OutputDatas><OutputData><FieldName>AccountingDocNo</FieldName><FieldValue>5000230143</FieldValue></OutputData></OutputDatas><ItemList/><CheckPoints><CheckPoint><CPSN>4</CPSN><CPName>MB03_AccountingDocNo</CPName><CPTime>15:01:30</CPTime><CPExpected>Accounting document is generated</CPExpected><CPActual>Accounting document is generated</CPActual><CPStatus>Pass</CPStatus><CPSnapshot>snapshot/NO4_MB03_AccountingDocNo.jpg</CPSnapshot></CheckPoint></CheckPoints><TestLog/></TestStep><TestStep Name="MIRO_EnterIncomingInvoice"><CaseName>MIRO_EnterIncomingInvoice</CaseName><Number>4</Number><BoxName>D7B</BoxName><ErrorLog></ErrorLog><SAPMessage></SAPMessage><CaseStatus>Pass</CaseStatus><ErrorSnapshot></ErrorSnapshot><InputDatas><InputData><FieldName>CompanyCode</FieldName><FieldValue>PR20</FieldValue></InputData><InputData><FieldName>MIRO_InvoiceDate</FieldName><FieldValue>04/29/2015</FieldValue></InputData><InputData><FieldName>PONo</FieldName><FieldValue>4510526024</FieldValue></InputData><InputData><FieldName>Quantity</FieldName><FieldValue>1</FieldValue></InputData><InputData><FieldName>MIRO_POItem_TaxCode</FieldName><FieldValue>P0 (PR 0% Input Sales Tax - Purchase of raw material)</FieldValue></InputData><InputData><FieldName>MIRO_TaxCode</FieldName><FieldValue>P0</FieldValue></InputData><InputData><FieldName>MIRO_DocType</FieldName><FieldValue>RE</FieldValue></InputData></InputDatas><OutputDatas><OutputData><FieldName>MIRO_Reference</FieldName><FieldValue>QTP150429150139</FieldValue></OutputData><OutputData><FieldName>InvoiceDocNo</FieldName><FieldValue>5127623181</FieldValue></OutputData></OutputDatas><ItemList/><CheckPoints><CheckPoint><CPSN>5</CPSN><CPName>MIRO_InvoiceDocument</CPName><CPTime>15:02:56</CPTime><CPExpected>Document no. .* created</CPExpected><CPActual>Document no. 5127623181 created</CPActual><CPStatus>Pass</CPStatus><CPSnapshot>snapshot/NO5_MIRO_InvoiceDocument.jpg</CPSnapshot></CheckPoint></CheckPoints><TestLog/></TestStep><TestStep Name="MIR4_DisplayInvoiceDocument"><CaseName>MIR4_DisplayInvoiceDocument</CaseName><Number>5</Number><BoxName>D7B</BoxName><ErrorLog></ErrorLog><SAPMessage></SAPMessage><CaseStatus>Pass</CaseStatus><ErrorSnapshot></ErrorSnapshot><InputDatas><InputData><FieldName>InvoiceDocNo</FieldName><FieldValue>5127623181</FieldValue></InputData><InputData><FieldName>FiscalYear</FieldName><FieldValue>2015</FieldValue></InputData></InputDatas><OutputDatas><OutputData><FieldName>AccountingDocNo</FieldName><FieldValue>5127623181</FieldValue></OutputData></OutputDatas><ItemList/><CheckPoints><CheckPoint><CPSN>6</CPSN><CPName>MIR4_AccountingDocNo</CPName><CPTime>15:03:14</CPTime><CPExpected>Accounting document is generated</CPExpected><CPActual>Accounting document is generated</CPActual><CPStatus>Pass</CPStatus><CPSnapshot>snapshot/NO6_MIR4_AccountingDocNo.jpg</CPSnapshot></CheckPoint></CheckPoints><TestLog/></TestStep><TestStep Name="VL01N_CreateOutboundDelivery"><CaseName>VL01N_CreateOutboundDelivery</CaseName><Number>6</Number><BoxName>D7B</BoxName><ErrorLog></ErrorLog><SAPMessage></SAPMessage><CaseStatus>Pass</CaseStatus><ErrorSnapshot></ErrorSnapshot><InputDatas><InputData><FieldName>ShippingPoint</FieldName><FieldValue>0009</FieldValue></InputData><InputData><FieldName>DeliveryDate</FieldName><FieldValue>05/04/2015</FieldValue></InputData><InputData><FieldName>SalesDocNo</FieldName><FieldValue>145315249</FieldValue></InputData><InputData><FieldName>Quantity</FieldName><FieldValue>1</FieldValue></InputData><InputData><FieldName>VL01N_PackMaterial</FieldName><FieldValue>BOX-SAP</FieldValue></InputData><InputData><FieldName>VL01N_PackMaterial</FieldName><FieldValue>BOX-SAP</FieldValue></InputData></InputDatas><OutputDatas><OutputData><FieldName>OutboundDeliveryNo</FieldName><FieldValue>6934082244</FieldValue></OutputData></OutputDatas><ItemList/><CheckPoints><CheckPoint><CPSN>7</CPSN><CPName>VL01N_DeliveryNo</CPName><CPTime>15:04:38</CPTime><CPExpected>Delivery .* has been saved</CPExpected><CPActual>Delivery 6934082244 has been saved</CPActual><CPStatus>Pass</CPStatus><CPSnapshot>snapshot/NO7_VL01N_DeliveryNo.jpg</CPSnapshot></CheckPoint></CheckPoints><TestLog/></TestStep><TestStep Name="VL02N_ChangeOutboundDelivery"><CaseName>VL02N_ChangeOutboundDelivery</CaseName><Number>7</Number><BoxName>D7B</BoxName><ErrorLog></ErrorLog><SAPMessage></SAPMessage><CaseStatus>Pass</CaseStatus><ErrorSnapshot></ErrorSnapshot><InputDatas><InputData><FieldName>OutboundDeliveryNo</FieldName><FieldValue>6934082244</FieldValue></InputData><InputData><FieldName>VL02N_NodePath</FieldName><FieldValue>I1 Internal Order.*;Delivery.*;GD goods issue.*</FieldValue></InputData></InputDatas><OutputDatas><OutputData><FieldName>MaterialDocNo</FieldName><FieldValue>4982257210</FieldValue></OutputData></OutputDatas><ItemList/><CheckPoints><CheckPoint><CPSN>8</CPSN><CPName>VL02N_VerifyPGI</CPName><CPTime>15:04:53</CPTime><CPExpected>Delivery .* has been saved</CPExpected><CPActual>Delivery 6934082244 has been saved</CPActual><CPStatus>Pass</CPStatus><CPSnapshot>snapshot/NO8_VL02N_VerifyPGI.jpg</CPSnapshot></CheckPoint><CheckPoint><CPSN>9</CPSN><CPName>VL02N_GIMaterialDocNo</CPName><CPTime>15:06:53</CPTime><CPExpected>GI Material Doc is generated</CPExpected><CPActual>GI Material Doc is generated</CPActual><CPStatus>Pass</CPStatus><CPSnapshot>snapshot/NO9_VL02N_GIMaterialDocNo.jpg</CPSnapshot></CheckPoint><TestStep Name="MB03_DisplayMaterialDocument"><CaseName>MB03_DisplayMaterialDocument</CaseName><Number>1</Number><BoxName>D7B</BoxName><ErrorLog></ErrorLog><SAPMessage></SAPMessage><CaseStatus>Pass</CaseStatus><ErrorSnapshot></ErrorSnapshot><InputDatas><InputData><FieldName>FiscalYear</FieldName><FieldValue>2015</FieldValue></InputData><InputData><FieldName>MaterialDocNo</FieldName><FieldValue>4982257210</FieldValue></InputData></InputDatas><OutputDatas><OutputData><FieldName>AccountingDocNo</FieldName><FieldValue>4900478746</FieldValue></OutputData></OutputDatas><ItemList/><CheckPoints><CheckPoint><CPSN>1</CPSN><CPName>MB03_AccountingDocNo</CPName><CPTime>15:10:59</CPTime><CPExpected>Accounting document is generated</CPExpected><CPActual>Accounting document is generated</CPActual><CPStatus>Pass</CPStatus><CPSnapshot>snapshot/NO1_MB03_AccountingDocNo.jpg</CPSnapshot></CheckPoint></CheckPoints><TestLog/></TestStep><TestStep Name="VF01_CreateBillingDoc"><CaseName>VF01_CreateBillingDoc</CaseName><Number>2</Number><BoxName>D7B</BoxName><ErrorLog></ErrorLog><SAPMessage></SAPMessage><CaseStatus>Pass</CaseStatus><ErrorSnapshot></ErrorSnapshot><InputDatas><InputData><FieldName>VF01_BillingType</FieldName><FieldValue>ZI1B</FieldValue></InputData><InputData><FieldName>VF01_ReferenceDocName</FieldName><FieldValue>OutboundDeliveryNo</FieldValue></InputData><InputData><FieldName>OutboundDeliveryNo</FieldName><FieldValue>6934082244</FieldValue></InputData></InputDatas><OutputDatas><OutputData><FieldName>BillingDocNo</FieldName><FieldValue>9036817092</FieldValue></OutputData></OutputDatas><ItemList/><CheckPoints><CheckPoint><CPSN>2</CPSN><CPName>VF01_CreateBillingDoc</CPName><CPTime>15:13:00</CPTime><CPExpected>Document .* has been saved</CPExpected><CPActual>Document 9036817092 has been saved</CPActual><CPStatus>Pass</CPStatus><CPSnapshot>snapshot/NO2_VF01_CreateBillingDoc.jpg</CPSnapshot></CheckPoint></CheckPoints><TestLog/></TestStep><TestStep Name="VL03N_DisplayOutboundDelivery"><CaseName>VL03N_DisplayOutboundDelivery</CaseName><Number>3</Number><BoxName>D7B</BoxName><ErrorLog></ErrorLog><SAPMessage></SAPMessage><CaseStatus>Pass</CaseStatus><ErrorSnapshot></ErrorSnapshot><InputDatas><InputData><FieldName>BillingDocNo</FieldName><FieldValue>9036817092</FieldValue></InputData></InputDatas><OutputDatas/><ItemList/><CheckPoints/><TestLog/></TestStep><TestStep Name="VF02_ChangeBillingDoc"><CaseName>VF02_ChangeBillingDoc</CaseName><Number>4</Number><BoxName>D7B</BoxName><ErrorLog></ErrorLog><SAPMessage></SAPMessage><CaseStatus>Pass</CaseStatus><ErrorSnapshot></ErrorSnapshot><InputDatas><InputData><FieldName>BillingDocNo</FieldName><FieldValue>9036817092</FieldValue></InputData><InputData><FieldName>VF03_OutputType</FieldName><FieldValue>ZRD1</FieldValue></InputData></InputDatas><OutputDatas/><ItemList/><CheckPoints/><TestLog/></TestStep><TestStep Name="VF03_DisplayBillingDoc"><CaseName>VF03_DisplayBillingDoc</CaseName><Number>5</Number><BoxName>D7B</BoxName><ErrorLog></ErrorLog><SAPMessage></SAPMessage><CaseStatus>Pass</CaseStatus><ErrorSnapshot></ErrorSnapshot><InputDatas><InputData><FieldName>FB03_LineLayout</FieldName><FieldValue>AA</FieldValue></InputData><InputData><FieldName>BillingDocNo</FieldName><FieldValue>9036817092</FieldValue></InputData><InputData><FieldName>BillingDocNo</FieldName><FieldValue>9036817092</FieldValue></InputData><InputData><FieldName>VF03_OutputType</FieldName><FieldValue>ZRD1</FieldValue></InputData><InputData><FieldName>VF03_GetBillingIDoc</FieldName><FieldValue>Y</FieldValue></InputData></InputDatas><OutputDatas><OutputData><FieldName>AccountingDocNo</FieldName><FieldValue>9036817092</FieldValue></OutputData><OutputData><FieldName>IDocNo</FieldName><FieldValue>0000002979178886</FieldValue></OutputData></OutputDatas><ItemList/><CheckPoints><CheckPoint><CPSN>3</CPSN><CPName>VF03_AccountingDocNo</CPName><CPTime>15:13:52</CPTime><CPExpected>Accounting document is generated</CPExpected><CPActual>Accounting document is generated</CPActual><CPStatus>Pass</CPStatus><CPSnapshot>snapshot/NO3_VF03_AccountingDocNo.jpg</CPSnapshot></CheckPoint><CheckPoint><CPSN>4</CPSN><CPName>VF03_BillingIDocSatus</CPName><CPTime>15:14:18</CPTime><CPExpected>Successfully processed</CPExpected><CPActual>Successfully processed</CPActual><CPStatus>Pass</CPStatus><CPSnapshot>snapshot/NO4_VF03_BillingIDocSatus.jpg</CPSnapshot></CheckPoint></CheckPoints><TestLog/></TestStep><TestStep Name="WE02_SearchforIDocsbyIDocNo"><CaseName>WE02_SearchforIDocsbyIDocNo</CaseName><Number>6</Number><BoxName>D7B</BoxName><ErrorLog></ErrorLog><SAPMessage></SAPMessage><CaseStatus>Pass</CaseStatus><ErrorSnapshot></ErrorSnapshot><InputDatas><InputData><FieldName>IDocNo</FieldName><FieldValue>0000002979178886</FieldValue></InputData><InputData><FieldName>WE02_NodePath</FieldName><FieldValue>1\2\1</FieldValue></InputData><InputData><FieldName>WE02_FieldName</FieldName><FieldValue>BELNR</FieldValue></InputData><InputData><FieldName>WE02_OutputName</FieldName><FieldValue>TradeEIFFELReferenceNo</FieldValue></InputData></InputDatas><OutputDatas><OutputData><FieldName>TradeEIFFELReferenceNo</FieldName><FieldValue>DV36817092</FieldValue></OutputData></OutputDatas><ItemList/><TestStep Name="FB03_DisplayDocument"><CaseName>FB03_DisplayDocument</CaseName><Number>1</Number><BoxName>D7B</BoxName><ErrorLog></ErrorLog><SAPMessage></SAPMessage><CaseStatus>Pass</CaseStatus><ErrorSnapshot></ErrorSnapshot><InputDatas><InputData><FieldName>FB03_LineLayout</FieldName><FieldValue>AA</FieldValue></InputData><InputData><FieldName>CompanyCode</FieldName><FieldValue>PR20</FieldValue></InputData><InputData><FieldName>AccountingDocNo</FieldName><FieldValue>5000230143</FieldValue></InputData><InputData><FieldName>FiscalYear</FieldName><FieldValue>2015</FieldValue></InputData><InputData><FieldName>FB03_DisplayLayout</FieldName><FieldValue>04Velocity</FieldValue></InputData><InputData><FieldName>FB03_DisplayColumnName</FieldName><FieldValue>Line item,Posting Key,Account,Amount,Amount in LC,G/L Account,Business Area,Profit Center,Terms of Payment,VAT Registration No.,Baseline Payment Dte,Assignment,Payment reference,WBS element,Reference Key 2,Tax code,Tax Jurisdiction</FieldValue></InputData></InputDatas><OutputDatas><OutputData><FieldName>Scenario</FieldName><FieldValue>GR</FieldValue></OutputData><OutputData><FieldName>AccountingDocNo</FieldName><FieldValue>5000230143</FieldValue></OutputData></OutputDatas><ItemList><ColumnNames><ColumnName>Line item</ColumnName><ColumnName>Posting Key</ColumnName><ColumnName>Account</ColumnName><ColumnName>Amount</ColumnName><ColumnName>Amount in LC</ColumnName><ColumnName>G/L Account</ColumnName><ColumnName>Business Area</ColumnName><ColumnName>Profit Center</ColumnName><ColumnName>Terms of Payment</ColumnName><ColumnName>VAT Registration No.</ColumnName><ColumnName>Baseline Payment Dte</ColumnName><ColumnName>Assignment</ColumnName><ColumnName>Payment reference</ColumnName><ColumnName>WBS element</ColumnName><ColumnName>Reference key 2</ColumnName><ColumnName>Tax code</ColumnName><ColumnName>Tax Jurisdiction</ColumnName></ColumnNames><ColumnValues><ColumnValue>1</ColumnValue><ColumnValue>89</ColumnValue><ColumnValue>13650800</ColumnValue><ColumnValue>286.44</ColumnValue><ColumnValue>286.44</ColumnValue><ColumnValue>13650800</ColumnValue><ColumnValue>PQ00</ColumnValue><ColumnValue>P1778</ColumnValue><ColumnValue></ColumnValue><ColumnValue></ColumnValue><ColumnValue></ColumnValue><ColumnValue>20150429</ColumnValue><ColumnValue></ColumnValue><ColumnValue></ColumnValue><ColumnValue></ColumnValue><ColumnValue></ColumnValue><ColumnValue></ColumnValue></ColumnValues><ColumnValues><ColumnValue>2</ColumnValue><ColumnValue>96</ColumnValue><ColumnValue>23900306</ColumnValue><ColumnValue>88.23-</ColumnValue><ColumnValue>88.23-</ColumnValue><ColumnValue>23900306</ColumnValue><ColumnValue>PQ00</ColumnValue><ColumnValue>P1778</ColumnValue><ColumnValue></ColumnValue><ColumnValue></ColumnValue><ColumnValue></ColumnValue><ColumnValue>451052602400010</ColumnValue><ColumnValue></ColumnValue><ColumnValue></ColumnValue><ColumnValue></ColumnValue><ColumnValue></ColumnValue><ColumnValue></ColumnValue></ColumnValues><ColumnValues><ColumnValue>3</ColumnValue><ColumnValue>91</ColumnValue><ColumnValue>35280000</ColumnValue><ColumnValue>286.44-</ColumnValue><ColumnValue>286.44-</ColumnValue><ColumnValue>35280000</ColumnValue><ColumnValue>PQ00</ColumnValue><ColumnValue>P1778</ColumnValue><ColumnValue></ColumnValue><ColumnValue></ColumnValue><ColumnValue></ColumnValue><ColumnValue>CE989A#BGJ</ColumnValue><ColumnValue></ColumnValue><ColumnValue></ColumnValue><ColumnValue></ColumnValue><ColumnValue></ColumnValue><ColumnValue></ColumnValue></ColumnValues><ColumnValues><ColumnValue>4</ColumnValue><ColumnValue>86</ColumnValue><ColumnValue>35280000</ColumnValue><ColumnValue>88.23</ColumnValue><ColumnValue>88.23</ColumnValue><ColumnValue>35280000</ColumnValue><ColumnValue>PQ00</ColumnValue><ColumnValue>P1778</ColumnValue><ColumnValue></ColumnValue><ColumnValue></ColumnValue><ColumnValue></ColumnValue><ColumnValue>CE989A#BGJ</ColumnValue><ColumnValue></ColumnValue><ColumnValue></ColumnValue><ColumnValue></ColumnValue><ColumnValue></ColumnValue><ColumnValue></ColumnValue></ColumnValues><ColumnValues><ColumnValue>5</ColumnValue><ColumnValue>99</ColumnValue><ColumnValue>13420000</ColumnValue><ColumnValue>194.98-</ColumnValue><ColumnValue>194.98-</ColumnValue><ColumnValue>13420000</ColumnValue><ColumnValue>PQ00</ColumnValue><ColumnValue>P1778</ColumnValue><ColumnValue></ColumnValue><ColumnValue></ColumnValue><ColumnValue></ColumnValue><ColumnValue>4234B001AA</ColumnValue><ColumnValue></ColumnValue><ColumnValue></ColumnValue><ColumnValue></ColumnValue><ColumnValue></ColumnValue><ColumnValue></ColumnValue></ColumnValues><ColumnValues><ColumnValue>6</ColumnValue><ColumnValue>81</ColumnValue><ColumnValue>35280000</ColumnValue><ColumnValue>194.98</ColumnValue><ColumnValue>194.98</ColumnValue><ColumnValue>35280000</ColumnValue><ColumnValue>PQ00</ColumnValue><ColumnValue>P1778</ColumnValue><ColumnValue></ColumnValue><ColumnValue></ColumnValue><ColumnValue></ColumnValue><ColumnValue>4234B001AA</ColumnValue><ColumnValue></ColumnValue><ColumnValue></ColumnValue><ColumnValue></ColumnValue><ColumnValue></ColumnValue><ColumnValue></ColumnValue></ColumnValues></ItemList><CheckPoints><CheckPoint><CPSN>1</CPSN><CPName>FB03_DocDisplay</CPName><CPTime>15:16:51</CPTime><CPExpected>1 items displayed</CPExpected><CPActual>1 items displayed</CPActual><CPStatus>Pass</CPStatus><CPSnapshot>snapshot/NO1_FB03_DocDisplay.jpg</CPSnapshot></CheckPoint><CheckPoint><CPSN>2</CPSN><CPName>FB03_DisplayDocument</CPName><CPTime>15:16:59</CPTime><CPExpected>Display Document:.*</CPExpected><CPActual>Display Document: Overview</CPActual><CPStatus>Pass</CPStatus><CPSnapshot>snapshot/NO2_FB03_DisplayDocument.jpg</CPSnapshot></CheckPoint></CheckPoints><TestLog/></TestStep><TestStep Name="FB03_OutputHeaderInfo"><CaseName>FB03_OutputHeaderInfo</CaseName><Number>2</Number><BoxName>D7B</BoxName><ErrorLog></ErrorLog><SAPMessage></SAPMessage><CaseStatus>Pass</CaseStatus><ErrorSnapshot></ErrorSnapshot><InputDatas/><OutputDatas><OutputData><FieldName>Scenario</FieldName><FieldValue>GR</FieldValue></OutputData><OutputData><FieldName>FB03_CompanyCode</FieldName><FieldValue>PR20</FieldValue></OutputData><OutputData><FieldName>FB03_DocumentType</FieldName><FieldValue>WE</FieldValue></OutputData><OutputData><FieldName>FB03_DocHeaderText</FieldName><FieldValue></FieldValue></OutputData><OutputData><FieldName>FB03_Reference</FieldName><FieldValue>0178334422</FieldValue></OutputData><OutputData><FieldName>FB03_Currency</FieldName><FieldValue>USD</FieldValue></OutputData><OutputData><FieldName>FB03_DocumentDate</FieldName><FieldValue>04/29/2015</FieldValue></OutputData><OutputData><FieldName>FB03_PostingDate</FieldName><FieldValue>04/29/2015</FieldValue></OutputData><OutputData><FieldName>FB03_LogSystem</FieldName><FieldValue>SAPD7B</FieldValue></OutputData><OutputData><FieldName>FB03_ReferenceKey</FieldName><FieldValue>50289144872015</FieldValue></OutputData><OutputData><FieldName>FB03_EntryDate</FieldName><FieldValue>04/29/2015</FieldValue></OutputData><OutputData><FieldName>FB03_EntryTime</FieldName><FieldValue>07:00:53</FieldValue></OutputData><OutputData><FieldName>FB03_FiscalYear</FieldName><FieldValue>2015</FieldValue></OutputData><OutputData><FieldName>IDocNo</FieldName><FieldValue>0000002979178605</FieldValue></OutputData></OutputDatas><ItemList/><CheckPoints><CheckPoint><CPSN>3</CPSN><CPName>FB03_DisplayDocHeader</CPName><CPTime>15:18:48</CPTime><CPExpected>Document Header:.*</CPExpected><CPActual>Document Header: PR20 Company Code</CPActual><CPStatus>Pass</CPStatus><CPSnapshot>snapshot/NO3_FB03_DisplayDocHeader.jpg</CPSnapshot></CheckPoint><CheckPoint><CPSN>4</CPSN><CPName>FB03_IDocNo</CPName><CPTime>15:18:58</CPTime><CPExpected>IDocNo is generated</CPExpected><CPActual>IDocNo is generated</CPActual><CPStatus>Pass</CPStatus><CPSnapshot>snapshot/NO4_FB03_IDocNo.jpg</CPSnapshot></CheckPoint></CheckPoints><TestLog/></TestStep><TestStep Name="FB03_DisplayDocument"><CaseName>FB03_DisplayDocument</CaseName><Number>3</Number><BoxName>D7B</BoxName><ErrorLog></ErrorLog><SAPMessage></SAPMessage><CaseStatus>Pass</CaseStatus><ErrorSnapshot></ErrorSnapshot><InputDatas><InputData><FieldName>FB03_LineLayout</FieldName><FieldValue>AA</FieldValue></InputData><InputData><FieldName>CompanyCode</FieldName><FieldValue>PR20</FieldValue></InputData><InputData><FieldName>AccountingDocNo</FieldName><FieldValue>5127623181</FieldValue></InputData><InputData><FieldName>FiscalYear</FieldName><FieldValue>2015</FieldValue></InputData><InputData><FieldName>FB03_DisplayLayout</FieldName><FieldValue>04Velocity</FieldValue></InputData><InputData><FieldName>FB03_DisplayColumnName</FieldName><FieldValue>Line item,Posting Key,Account,Amount,Amount in LC,G/L Account,Business Area,Profit Center,Terms of Payment,VAT Registration No.,Baseline Payment Dte,Assignment,Payment reference,WBS element,Reference Key 2,Tax code,Tax Jurisdiction</FieldValue></InputData></InputDatas><OutputDatas><OutputData><FieldName>Scenario</FieldName><FieldValue>IR</FieldValue></OutputData><OutputData><FieldName>AccountingDocNo</FieldName><FieldValue>5127623181</FieldValue></OutputData></OutputDatas><ItemList><ColumnNames><ColumnName>Line item</ColumnName><ColumnName>Posting Key</ColumnName><ColumnName>Account</ColumnName><ColumnName>Amount</ColumnName><ColumnName>Amount in LC</ColumnName><ColumnName>G/L Account</ColumnName><ColumnName>Business Area</ColumnName><ColumnName>Profit Center</ColumnName><ColumnName>Terms of Payment</ColumnName><ColumnName>VAT Registration No.</ColumnName><ColumnName>Baseline Payment Dte</ColumnName><ColumnName>Assignment</ColumnName><ColumnName>Payment reference</ColumnName><ColumnName>WBS element</ColumnName><ColumnName>Reference key 2</ColumnName><ColumnName>Tax code</ColumnName><ColumnName>Tax Jurisdiction</ColumnName></ColumnNames><ColumnValues><ColumnValue>1</ColumnValue><ColumnValue>31</ColumnValue><ColumnValue>65103739</ColumnValue><ColumnValue>88.23-</ColumnValue><ColumnValue>88.23-</ColumnValue><ColumnValue>23030100</ColumnValue><ColumnValue>9999</ColumnValue><ColumnValue>P9999</ColumnValue><ColumnValue>NT90</ColumnValue><ColumnValue></ColumnValue><ColumnValue>04/29/2015</ColumnValue><ColumnValue>0065103739</ColumnValue><ColumnValue></ColumnValue><ColumnValue></ColumnValue><ColumnValue></ColumnValue><ColumnValue>P0</ColumnValue><ColumnValue></ColumnValue></ColumnValues><ColumnValues><ColumnValue>2</ColumnValue><ColumnValue>86</ColumnValue><ColumnValue>23900306</ColumnValue><ColumnValue>88.23</ColumnValue><ColumnValue>88.23</ColumnValue><ColumnValue>23900306</ColumnValue><ColumnValue>PQ00</ColumnValue><ColumnValue>P1778</ColumnValue><ColumnValue></ColumnValue><ColumnValue></ColumnValue><ColumnValue></ColumnValue><ColumnValue>451052602400010</ColumnValue><ColumnValue></ColumnValue><ColumnValue></ColumnValue><ColumnValue></ColumnValue><ColumnValue>P0</ColumnValue><ColumnValue></ColumnValue></ColumnValues></ItemList><CheckPoints><CheckPoint><CPSN>5</CPSN><CPName>FB03_DocDisplay</CPName><CPTime>15:19:15</CPTime><CPExpected>1 items displayed</CPExpected><CPActual>1 items displayed</CPActual><CPStatus>Pass</CPStatus><CPSnapshot>snapshot/NO5_FB03_DocDisplay.jpg</CPSnapshot></CheckPoint><CheckPoint><CPSN>6</CPSN><CPName>FB03_DisplayDocument</CPName><CPTime>15:19:23</CPTime><CPExpected>Display Document:.*</CPExpected><CPActual>Display Document: Overview</CPActual><CPStatus>Pass</CPStatus><CPSnapshot>snapshot/NO6_FB03_DisplayDocument.jpg</CPSnapshot></CheckPoint></CheckPoints><TestLog/></TestStep><TestStep Name="FB03_OutputHeaderInfo"><CaseName>FB03_OutputHeaderInfo</CaseName><Number>4</Number><BoxName>D7B</BoxName><ErrorLog></ErrorLog><SAPMessage></SAPMessage><CaseStatus>Pass</CaseStatus><ErrorSnapshot></ErrorSnapshot><InputDatas/><OutputDatas><OutputData><FieldName>Scenario</FieldName><FieldValue>IR</FieldValue></OutputData><OutputData><FieldName>FB03_CompanyCode</FieldName><FieldValue>PR20</FieldValue></OutputData><OutputData><FieldName>FB03_DocumentType</FieldName><FieldValue>RE</FieldValue></OutputData><OutputData><FieldName>FB03_DocHeaderText</FieldName><FieldValue></FieldValue></OutputData><OutputData><FieldName>FB03_Reference</FieldName><FieldValue>QTP150429150139</FieldValue></OutputData><OutputData><FieldName>FB03_Currency</FieldName><FieldValue>USD</FieldValue></OutputData><OutputData><FieldName>FB03_DocumentDate</FieldName><FieldValue>04/29/2015</FieldValue></OutputData><OutputData><FieldName>FB03_PostingDate</FieldName><FieldValue>04/29/2015</FieldValue></OutputData><OutputData><FieldName>FB03_LogSystem</FieldName><FieldValue>SAPD7B</FieldValue></OutputData><OutputData><FieldName>FB03_ReferenceKey</FieldName><FieldValue>51276231812015</FieldValue></OutputData><OutputData><FieldName>FB03_EntryDate</FieldName><FieldValue>04/29/2015</FieldValue></OutputData><OutputData><FieldName>FB03_EntryTime</FieldName><FieldValue>07:02:52</FieldValue></OutputData><OutputData><FieldName>FB03_FiscalYear</FieldName><FieldValue>2015</FieldValue></OutputData><OutputData><FieldName>IDocNo</FieldName><FieldValue>0000002979178608</FieldValue></OutputData></OutputDatas><ItemList/><CheckPoints><CheckPoint><CPSN>7</CPSN><CPName>FB03_DisplayDocHeader</CPName><CPTime>15:20:04</CPTime><CPExpected>Document Header:.*</CPExpected><CPActual>Document Header: PR20 Company Code</CPActual><CPStatus>Pass</CPStatus><CPSnapshot>snapshot/NO7_FB03_DisplayDocHeader.jpg</CPSnapshot></CheckPoint><CheckPoint><CPSN>8</CPSN><CPName>FB03_IDocNo</CPName><CPTime>15:20:14</CPTime><CPExpected>IDocNo is generated</CPExpected><CPActual>IDocNo is generated</CPActual><CPStatus>Pass</CPStatus><CPSnapshot>snapshot/NO8_FB03_IDocNo.jpg</CPSnapshot></CheckPoint></CheckPoints><TestLog/></TestStep><TestStep Name="FB03_DisplayDocument"><CaseName>FB03_DisplayDocument</CaseName><Number>5</Number><BoxName>D7B</BoxName><ErrorLog></ErrorLog><SAPMessage></SAPMessage><CaseStatus>Pass</CaseStatus><ErrorSnapshot></ErrorSnapshot><InputDatas><InputData><FieldName>FB03_LineLayout</FieldName><FieldValue>AA</FieldValue></InputData><InputData><FieldName>CompanyCode</FieldName><FieldValue>PR20</FieldValue></InputData><InputData><FieldName>AccountingDocNo</FieldName><FieldValue>4900478746</FieldValue></InputData><InputData><FieldName>FiscalYear</FieldName><FieldValue>2015</FieldValue></InputData><InputData><FieldName>FB03_DisplayLayout</FieldName><FieldValue>04Velocity</FieldValue></InputData><InputData><FieldName>FB03_DisplayColumnName</FieldName><FieldValue>Line item,Posting Key,Account,Amount,Amount in LC,G/L Account,Business Area,Profit Center,Terms of Payment,VAT Registration No.,Baseline Payment Dte,Assignment,Payment reference,WBS element,Reference Key 2,Tax code,Tax Jurisdiction</FieldValue></InputData></InputDatas><OutputDatas><OutputData><FieldName>Scenario</FieldName><FieldValue>PGI</FieldValue></OutputData><OutputData><FieldName>AccountingDocNo</FieldName><FieldValue>4900478746</FieldValue></OutputData></OutputDatas><ItemList><ColumnNames><ColumnName>Line item</ColumnName><ColumnName>Posting Key</ColumnName><ColumnName>Account</ColumnName><ColumnName>Amount</ColumnName><ColumnName>Amount in LC</ColumnName><ColumnName>G/L Account</ColumnName><ColumnName>Business Area</ColumnName><ColumnName>Profit Center</ColumnName><ColumnName>Terms of Payment</ColumnName><ColumnName>VAT Registration No.</ColumnName><ColumnName>Baseline Payment Dte</ColumnName><ColumnName>Assignment</ColumnName><ColumnName>Payment reference</ColumnName><ColumnName>WBS element</ColumnName><ColumnName>Reference key 2</ColumnName><ColumnName>Tax code</ColumnName><ColumnName>Tax Jurisdiction</ColumnName></ColumnNames><ColumnValues><ColumnValue>1</ColumnValue><ColumnValue>99</ColumnValue><ColumnValue>13650800</ColumnValue><ColumnValue>286.44-</ColumnValue><ColumnValue>286.44-</ColumnValue><ColumnValue>13650800</ColumnValue><ColumnValue>PQ00</ColumnValue><ColumnValue>P1778</ColumnValue><ColumnValue></ColumnValue><ColumnValue></ColumnValue><ColumnValue></ColumnValue><ColumnValue>20150429</ColumnValue><ColumnValue></ColumnValue><ColumnValue></ColumnValue><ColumnValue></ColumnValue><ColumnValue></ColumnValue><ColumnValue></ColumnValue></ColumnValues><ColumnValues><ColumnValue>2</ColumnValue><ColumnValue>81</ColumnValue><ColumnValue>34210100</ColumnValue><ColumnValue>286.44</ColumnValue><ColumnValue>286.44</ColumnValue><ColumnValue>34210100</ColumnValue><ColumnValue>PQ00</ColumnValue><ColumnValue>P1778</ColumnValue><ColumnValue></ColumnValue><ColumnValue></ColumnValue><ColumnValue></ColumnValue><ColumnValue>CE989A#BGJ</ColumnValue><ColumnValue></ColumnValue><ColumnValue></ColumnValue><ColumnValue></ColumnValue><ColumnValue></ColumnValue><ColumnValue></ColumnValue></ColumnValues></ItemList><CheckPoints><CheckPoint><CPSN>9</CPSN><CPName>FB03_DocDisplay</CPName><CPTime>15:20:31</CPTime><CPExpected>1 items displayed</CPExpected><CPActual>1 items displayed</CPActual><CPStatus>Pass</CPStatus><CPSnapshot>snapshot/NO9_FB03_DocDisplay.jpg</CPSnapshot></CheckPoint><CheckPoint><CPSN>10</CPSN><CPName>FB03_DisplayDocument</CPName><CPTime>15:20:38</CPTime><CPExpected>Display Document:.*</CPExpected><CPActual>Display Document: Overview</CPActual><CPStatus>Pass</CPStatus><CPSnapshot>snapshot/NO10_FB03_DisplayDocument.jpg</CPSnapshot></CheckPoint></CheckPoints><TestLog/></TestStep><TestStep Name="FB03_OutputHeaderInfo"><CaseName>FB03_OutputHeaderInfo</CaseName><Number>6</Number><BoxName>D7B</BoxName><ErrorLog></ErrorLog><SAPMessage></SAPMessage><CaseStatus>Pass</CaseStatus><ErrorSnapshot></ErrorSnapshot><InputDatas/><OutputDatas><OutputData><FieldName>Scenario</FieldName><FieldValue>PGI</FieldValue></OutputData><OutputData><FieldName>FB03_CompanyCode</FieldName><FieldValue>PR20</FieldValue></OutputData><OutputData><FieldName>FB03_DocumentType</FieldName><FieldValue>WL</FieldValue></OutputData><OutputData><FieldName>FB03_DocHeaderText</FieldName><FieldValue></FieldValue></OutputData><OutputData><FieldName>FB03_Reference</FieldName><FieldValue>6934082244</FieldValue></OutputData><OutputData><FieldName>FB03_Currency</FieldName><FieldValue>USD</FieldValue></OutputData><OutputData><FieldName>FB03_DocumentDate</FieldName><FieldValue>04/29/2015</FieldValue></OutputData><OutputData><FieldName>FB03_PostingDate</FieldName><FieldValue>04/29/2015</FieldValue></OutputData><OutputData><FieldName>FB03_LogSystem</FieldName><FieldValue>SAPD7B</FieldValue></OutputData><OutputData><FieldName>FB03_ReferenceKey</FieldName><FieldValue>49822572102015</FieldValue></OutputData><OutputData><FieldName>FB03_EntryDate</FieldName><FieldValue>04/29/2015</FieldValue></OutputData><OutputData><FieldName>FB03_EntryTime</FieldName><FieldValue>07:04:49</FieldValue></OutputData><OutputData><FieldName>FB03_FiscalYear</FieldName><FieldValue>2015</FieldValue></OutputData><OutputData><FieldName>IDocNo</FieldName><FieldValue>0000002979178619</FieldValue></OutputData></OutputDatas><ItemList/><CheckPoints><CheckPoint><CPSN>11</CPSN><CPName>FB03_DisplayDocHeader</CPName><CPTime>15:21:19</CPTime><CPExpected>Document Header:.*</CPExpected><CPActual>Document Header: PR20 Company Code</CPActual><CPStatus>Pass</CPStatus><CPSnapshot>snapshot/NO11_FB03_DisplayDocHeader.jpg</CPSnapshot></CheckPoint><CheckPoint><CPSN>12</CPSN><CPName>FB03_IDocNo</CPName><CPTime>15:21:29</CPTime><CPExpected>IDocNo is generated</CPExpected><CPActual>IDocNo is generated</CPActual><CPStatus>Pass</CPStatus><CPSnapshot>snapshot/NO12_FB03_IDocNo.jpg</CPSnapshot></CheckPoint></CheckPoints><TestLog/></TestStep><TestStep Name="FB03_DisplayDocument"><CaseName>FB03_DisplayDocument</CaseName><Number>7</Number><BoxName>D7B</BoxName><ErrorLog></ErrorLog><SAPMessage></SAPMessage><CaseStatus>Pass</CaseStatus><ErrorSnapshot></ErrorSnapshot><InputDatas><InputData><FieldName>FB03_LineLayout</FieldName><FieldValue>AA</FieldValue></InputData><InputData><FieldName>CompanyCode</FieldName><FieldValue>PR20</FieldValue></InputData><InputData><FieldName>AccountingDocNo</FieldName><FieldValue>9036817092</FieldValue></InputData><InputData><FieldName>FiscalYear</FieldName><FieldValue>2015</FieldValue></InputData><InputData><FieldName>FB03_DisplayLayout</FieldName><FieldValue>04Velocity</FieldValue></InputData><InputData><FieldName>FB03_DisplayColumnName</FieldName><FieldValue>Line item,Posting Key,Account,Amount,Amount in LC,G/L Account,Business Area,Profit Center,Terms of Payment,VAT Registration No.,Baseline Payment Dte,Assignment,Payment reference,WBS element,Reference Key 2,Tax code,Tax Jurisdiction</FieldValue></InputData></InputDatas><OutputDatas><OutputData><FieldName>Scenario</FieldName><FieldValue>Billing</FieldValue></OutputData><OutputData><FieldName>AccountingDocNo</FieldName><FieldValue>9036817092</FieldValue></OutputData></OutputDatas><ItemList><ColumnNames><ColumnName>Line item</ColumnName><ColumnName>Posting Key</ColumnName><ColumnName>Account</ColumnName><ColumnName>Amount</ColumnName><ColumnName>Amount in LC</ColumnName><ColumnName>G/L Account</ColumnName><ColumnName>Business Area</ColumnName><ColumnName>Profit Center</ColumnName><ColumnName>Terms of Payment</ColumnName><ColumnName>VAT Registration No.</ColumnName><ColumnName>Baseline Payment Dte</ColumnName><ColumnName>Assignment</ColumnName><ColumnName>Payment reference</ColumnName><ColumnName>WBS element</ColumnName><ColumnName>Reference key 2</ColumnName><ColumnName>Tax code</ColumnName><ColumnName>Tax Jurisdiction</ColumnName></ColumnNames><ColumnValues><ColumnValue>1</ColumnValue><ColumnValue>01</ColumnValue><ColumnValue>HPCUS99</ColumnValue><ColumnValue>286.44</ColumnValue><ColumnValue>286.44</ColumnValue><ColumnValue>12300000</ColumnValue><ColumnValue>PQ00</ColumnValue><ColumnValue>P9999</ColumnValue><ColumnValue>IC30</ColumnValue><ColumnValue></ColumnValue><ColumnValue>05/31/2015</ColumnValue><ColumnValue>0145315249</ColumnValue><ColumnValue>9036817092</ColumnValue><ColumnValue></ColumnValue><ColumnValue></ColumnValue><ColumnValue></ColumnValue><ColumnValue></ColumnValue></ColumnValues><ColumnValues><ColumnValue>2</ColumnValue><ColumnValue>50</ColumnValue><ColumnValue>34210100</ColumnValue><ColumnValue>286.44-</ColumnValue><ColumnValue>286.44-</ColumnValue><ColumnValue>34210100</ColumnValue><ColumnValue>PQ00</ColumnValue><ColumnValue>P1778</ColumnValue><ColumnValue></ColumnValue><ColumnValue></ColumnValue><ColumnValue></ColumnValue><ColumnValue>CE989A#BGJ</ColumnValue><ColumnValue>9036817092</ColumnValue><ColumnValue></ColumnValue><ColumnValue></ColumnValue><ColumnValue></ColumnValue><ColumnValue></ColumnValue></ColumnValues></ItemList><CheckPoints><CheckPoint><CPSN>13</CPSN><CPName>FB03_DocDisplay</CPName><CPTime>15:21:46</CPTime><CPExpected>1 items displayed</CPExpected><CPActual>1 items displayed</CPActual><CPStatus>Pass</CPStatus><CPSnapshot>snapshot/NO13_FB03_DocDisplay.jpg</CPSnapshot></CheckPoint><CheckPoint><CPSN>14</CPSN><CPName>FB03_DisplayDocument</CPName><CPTime>15:21:54</CPTime><CPExpected>Display Document:.*</CPExpected><CPActual>Display Document: Overview</CPActual><CPStatus>Pass</CPStatus><CPSnapshot>snapshot/NO14_FB03_DisplayDocument.jpg</CPSnapshot></CheckPoint></CheckPoints><TestLog/></TestStep><TestStep Name="FB03_OutputHeaderInfo"><CaseName>FB03_OutputHeaderInfo</CaseName><Number>8</Number><BoxName>D7B</BoxName><ErrorLog></ErrorLog><SAPMessage></SAPMessage><CaseStatus>Pass</CaseStatus><ErrorSnapshot></ErrorSnapshot><InputDatas/><OutputDatas><OutputData><FieldName>Scenario</FieldName><FieldValue>Billing</FieldValue></OutputData><OutputData><FieldName>FB03_CompanyCode</FieldName><FieldValue>PR20</FieldValue></OutputData><OutputData><FieldName>FB03_DocumentType</FieldName><FieldValue>D8</FieldValue></OutputData><OutputData><FieldName>FB03_DocHeaderText</FieldName><FieldValue></FieldValue></OutputData><OutputData><FieldName>FB03_Reference</FieldName><FieldValue>201504291408</FieldValue></OutputData><OutputData><FieldName>FB03_Currency</FieldName><FieldValue>USD</FieldValue></OutputData><OutputData><FieldName>FB03_DocumentDate</FieldName><FieldValue>04/29/2015</FieldValue></OutputData><OutputData><FieldName>FB03_PostingDate</FieldName><FieldValue>04/29/2015</FieldValue></OutputData><OutputData><FieldName>FB03_LogSystem</FieldName><FieldValue>SAPD7B</FieldValue></OutputData><OutputData><FieldName>FB03_ReferenceKey</FieldName><FieldValue>9036817092</FieldValue></OutputData><OutputData><FieldName>FB03_EntryDate</FieldName><FieldValue>04/29/2015</FieldValue></OutputData><OutputData><FieldName>FB03_EntryTime</FieldName><FieldValue>07:12:53</FieldValue></OutputData><OutputData><FieldName>FB03_FiscalYear</FieldName><FieldValue>2015</FieldValue></OutputData><OutputData><FieldName>IDocNo</FieldName><FieldValue>0000002979178878</FieldValue></OutputData></OutputDatas><ItemList/><CheckPoints><CheckPoint><CPSN>15</CPSN><CPName>FB03_DisplayDocHeader</CPName><CPTime>15:22:38</CPTime><CPExpected>Document Header:.*</CPExpected><CPActual>Document Header: PR20 Company Code</CPActual><CPStatus>Pass</CPStatus><CPSnapshot>snapshot/NO15_FB03_DisplayDocHeader.jpg</CPSnapshot></CheckPoint><CheckPoint><CPSN>16</CPSN><CPName>FB03_IDocNo</CPName><CPTime>15:22:48</CPTime><CPExpected>IDocNo is generated</CPExpected><CPActual>IDocNo is generated</CPActual><CPStatus>Pass</CPStatus><CPSnapshot>snapshot/NO16_FB03_IDocNo.jpg</CPSnapshot></CheckPoint></CheckPoints><TestLog/></TestStep><TestStep Name="BD87_CheckIDocStatus"><CaseName>BD87_CheckIDocStatus</CaseName><Number>9</Number><BoxName>D7B</BoxName><ErrorLog></ErrorLog><SAPMessage></SAPMessage><CaseStatus>Pass</CaseStatus><ErrorSnapshot></ErrorSnapshot><InputDatas><InputData><FieldName>IDocNo</FieldName><FieldValue>0000002979178605</FieldValue></InputData></InputDatas><OutputDatas><OutputData><FieldName>IDocStatus</FieldName><FieldValue>03</FieldValue></OutputData></OutputDatas><ItemList/><CheckPoints><CheckPoint><CPSN>17</CPSN><CPName>BD87_IDocStatus</CPName><CPTime>15:23:05</CPTime><CPExpected>03</CPExpected><CPActual>03</CPActual><CPStatus>Pass</CPStatus><CPSnapshot>snapshot/NO17_BD87_IDocStatus.jpg</CPSnapshot></CheckPoint></CheckPoints><TestLog/></TestStep><TestStep Name="BD87_CheckIDocStatus"><CaseName>BD87_CheckIDocStatus</CaseName><Number>10</Number><BoxName>D7B</BoxName><ErrorLog></ErrorLog><SAPMessage></SAPMessage><CaseStatus>Pass</CaseStatus><ErrorSnapshot></ErrorSnapshot><InputDatas><InputData><FieldName>IDocNo</FieldName><FieldValue>0000002979178608</FieldValue></InputData></InputDatas><OutputDatas><OutputData><FieldName>IDocStatus</FieldName><FieldValue>03</FieldValue></OutputData></OutputDatas><ItemList/><CheckPoints><CheckPoint><CPSN>18</CPSN><CPName>BD87_IDocStatus</CPName><CPTime>15:23:21</CPTime><CPExpected>03</CPExpected><CPActual>03</CPActual><CPStatus>Pass</CPStatus><CPSnapshot>snapshot/NO18_BD87_IDocStatus.jpg</CPSnapshot></CheckPoint></CheckPoints><TestLog/></TestStep><TestStep Name="BD87_CheckIDocStatus"><CaseName>BD87_CheckIDocStatus</CaseName><Number>11</Number><BoxName>D7B</BoxName><ErrorLog></ErrorLog><SAPMessage></SAPMessage><CaseStatus>Pass</CaseStatus><ErrorSnapshot></ErrorSnapshot><InputDatas><InputData><FieldName>IDocNo</FieldName><FieldValue>0000002979178619</FieldValue></InputData></InputDatas><OutputDatas><OutputData><FieldName>IDocStatus</FieldName><FieldValue>03</FieldValue></OutputData></OutputDatas><ItemList/><CheckPoints><CheckPoint><CPSN>19</CPSN><CPName>BD87_IDocStatus</CPName><CPTime>15:23:37</CPTime><CPExpected>03</CPExpected><CPActual>03</CPActual><CPStatus>Pass</CPStatus><CPSnapshot>snapshot/NO19_BD87_IDocStatus.jpg</CPSnapshot></CheckPoint></CheckPoints><TestLog/></TestStep><TestStep Name="BD87_CheckIDocStatus"><CaseName>BD87_CheckIDocStatus</CaseName><Number>12</Number><BoxName>D7B</BoxName><ErrorLog></ErrorLog><SAPMessage></SAPMessage><CaseStatus>Pass</CaseStatus><ErrorSnapshot></ErrorSnapshot><InputDatas><InputData><FieldName>IDocNo</FieldName><FieldValue>0000002979178878</FieldValue></InputData></InputDatas><OutputDatas><OutputData><FieldName>IDocStatus</FieldName><FieldValue>03</FieldValue></OutputData></OutputDatas><ItemList/><CheckPoints><CheckPoint><CPSN>20</CPSN><CPName>BD87_IDocStatus</CPName><CPTime>15:23:52</CPTime><CPExpected>03</CPExpected><CPActual>03</CPActual><CPStatus>Pass</CPStatus><CPSnapshot>snapshot/NO20_BD87_IDocStatus.jpg</CPSnapshot></CheckPoint></CheckPoints><TestLog/></TestStep></Detail>
</ReportRoot>
